<?xml version="1.0" encoding="UTF-8"?>
<!-- Generated by eXe - http://exelearning.net -->
<manifest identifier="eXeacion_exel66aeb77c28227908b61" xmlns="http://www.imsproject.org/xsd/imscp_rootv1p1p2" xmlns:adlcp="http://www.adlnet.org/xsd/adlcp_rootv1p2" xmlns:imsmd="http://www.imsglobal.org/xsd/imsmd_v1p2" xmlns:xsi="http://www.w3.org/2001/XMLSchema-instance" xsi:schemaLocation="http://www.imsproject.org/xsd/imscp_rootv1p1p2 imscp_rootv1p1p2.xsd http://www.imsglobal.org/xsd/imsmd_rootv1p2p1 imsmd_rootv1p2p1.xsd http://www.adlnet.org/xsd/adlcp_rootv1p2 adlcp_rootv1p2.xsd" > 
<metadata> 
 <schema>ADL SCORM</schema> 
 <schemaversion>1.2</schemaversion> 
 <adlcp:location>imslrm.xml</adlcp:location> 
</metadata> 
<organizations default="eXeacion_exel66aeb77c28227908b62">  
    <organization identifier="eXeacion_exel66aeb77c28227908b62" structure="hierarchical">
        <title>Aprendo y me divierto con la alimentación balanceada.</title>
<item identifier="ITEM-eXeacion_exel66aeb77c28227908b63" isvisible="true" identifierref="RES-eXeacion_exel66aeb77c28227908b64">
    <title>PORTADA.</title>
<item identifier="ITEM-eXeacion_exel66aeb77c28227908b75" isvisible="true" identifierref="RES-eXeacion_exel66aeb77c28227908b76">
    <title>Objetivos.</title>
</item>
<item identifier="ITEM-eXeacion_exel66aeb77c28227908b87" isvisible="true" identifierref="RES-eXeacion_exel66aeb77c28227908b88">
    <title>Pre-Conocmientos.</title>
</item>
<item identifier="ITEM-eXeacion_exel66aeb77c28227908b99" isvisible="true" identifierref="RES-eXeacion_exel66aeb77c28227908b9a">
    <title>UNIDAD I</title>
<item identifier="ITEM-eXeacion_exel66aeb77c28227908bab" isvisible="true" identifierref="RES-eXeacion_exel66aeb77c28227908bac">
    <title>Definición y clasificación de los alimentos.</title>
</item>
<item identifier="ITEM-eXeacion_exel66aeb77c28227908bbd" isvisible="true" identifierref="RES-eXeacion_exel66aeb77c28227908bbe">
    <title>Importancia de los alimentos para la vida.</title>
</item>
<item identifier="ITEM-eXeacion_exel66aeb77c28227908bbf" isvisible="true" identifierref="RES-eXeacion_exel66aeb77c28227908bb10">
    <title>El papel del tutor para dar a conocer la alimentación balanceada.</title>
</item>
<item identifier="ITEM-eXeacion_exel66aeb77c28227908bc11" isvisible="true" identifierref="RES-eXeacion_exel66aeb77c28227908bc12">
    <title>Actividades de evaluacion.</title>
<item identifier="ITEM-eXeacion_exel66aeb77c28227908bc13" isvisible="true" identifierref="RES-eXeacion_exel66aeb77c28227908bc14">
    <title>Evaluación 1.</title>
</item>
<item identifier="ITEM-eXeacion_exel66aeb77c28227908bd15" isvisible="true" identifierref="RES-eXeacion_exel66aeb77c28227908bd16">
    <title>Evaluación 2.</title>
</item>
<item identifier="ITEM-eXeacion_exel66aeb77c28227908be17" isvisible="true" identifierref="RES-eXeacion_exel66aeb77c28227908be18">
    <title>Evaluación 3.</title>
</item>
<item identifier="ITEM-eXeacion_exel66aeb77c28227908bf19" isvisible="true" identifierref="RES-eXeacion_exel66aeb77c28227908bf1a">
    <title>Evaluación 4.</title>
</item>
<item identifier="ITEM-eXeacion_exel66aeb77c28227908bf1b" isvisible="true" identifierref="RES-eXeacion_exel66aeb77c28227908bf1c">
    <title>Rúbrica.</title>
</item>
</item>
<item identifier="ITEM-eXeacion_exel66aeb77c28227908c01d" isvisible="true" identifierref="RES-eXeacion_exel66aeb77c28227908c01e">
    <title>Reflexión.</title>
</item>
</item>
<item identifier="ITEM-eXeacion_exel66aeb77c28227908c01f" isvisible="true" identifierref="RES-eXeacion_exel66aeb77c28227908c020">
    <title>UNIDAD II</title>
<item identifier="ITEM-eXeacion_exel66aeb77c28227908c121" isvisible="true" identifierref="RES-eXeacion_exel66aeb77c28227908c122">
    <title>Mapa conceptual sobre los alimentos.</title>
</item>
<item identifier="ITEM-eXeacion_exel66aeb77c28227908c223" isvisible="true" identifierref="RES-eXeacion_exel66aeb77c28227908c224">
    <title>Video sobre la alimentación balanceada.</title>
</item>
<item identifier="ITEM-eXeacion_exel66aeb77c28227908c225" isvisible="true" identifierref="RES-eXeacion_exel66aeb77c28227908c226">
    <title>Pirámide alimenticia.</title>
</item>
<item identifier="ITEM-eXeacion_exel66aeb77c28227908c327" isvisible="true" identifierref="RES-eXeacion_exel66aeb77c28227908c328">
    <title>Actividades de evaluacion.</title>
<item identifier="ITEM-eXeacion_exel66aeb77c28227908c329" isvisible="true" identifierref="RES-eXeacion_exel66aeb77c28227908c32a">
    <title>Evaluación 1.</title>
</item>
<item identifier="ITEM-eXeacion_exel66aeb77c28227908c62b" isvisible="true" identifierref="RES-eXeacion_exel66aeb77c28227908c62c">
    <title>Evaluación 2.</title>
</item>
<item identifier="ITEM-eXeacion_exel66aeb77c28227908cb2d" isvisible="true" identifierref="RES-eXeacion_exel66aeb77c28227908cb2e">
    <title>Evaluación 3.</title>
</item>
<item identifier="ITEM-eXeacion_exel66aeb77c28227908ce2f" isvisible="true" identifierref="RES-eXeacion_exel66aeb77c28227908ce30">
    <title>Evaluación 4.</title>
</item>
</item>
<item identifier="ITEM-eXeacion_exel66aeb77c28227908cf31" isvisible="true" identifierref="RES-eXeacion_exel66aeb77c28227908cf32">
    <title>Galería de imágenes.</title>
</item>
<item identifier="ITEM-eXeacion_exel66aeb77c28227908d133" isvisible="true" identifierref="RES-eXeacion_exel66aeb77c28227908d134">
    <title>Reflexión.</title>
</item>
<item identifier="ITEM-eXeacion_exel66aeb77c28227908d135" isvisible="true" identifierref="RES-eXeacion_exel66aeb77c28227908d136">
    <title>Bibliografía.</title>
</item>
</item>
</item>
  </organization>
</organizations>
<resources>
  <resource identifier="RES-eXeacion_exel66aeb77c28227908b64" type="webcontent" adlcp:scormtype="sco" href="index.html"> 
    <file href="index.html"/> 
    <file href="exe_html5.js"/>
    <file href="img1.png"/>
    <file href="img0.3.png"/>
    <dependency identifierref="COMMON_FILES"/>
  </resource>
  <resource identifier="RES-eXeacion_exel66aeb77c28227908b76" type="webcontent" adlcp:scormtype="sco" href="objetivos.html"> 
    <file href="objetivos.html"/> 
    <file href="exe_html5.js"/>
    <dependency identifierref="COMMON_FILES"/>
  </resource>
  <resource identifier="RES-eXeacion_exel66aeb77c28227908b88" type="webcontent" adlcp:scormtype="sco" href="preconocmientos.html"> 
    <file href="preconocmientos.html"/> 
    <file href="exe_html5.js"/>
    <dependency identifierref="COMMON_FILES"/>
  </resource>
  <resource identifier="RES-eXeacion_exel66aeb77c28227908b9a" type="webcontent" adlcp:scormtype="sco" href="unidad_i.html"> 
    <file href="unidad_i.html"/> 
    <file href="exe_html5.js"/>
    <dependency identifierref="COMMON_FILES"/>
  </resource>
  <resource identifier="RES-eXeacion_exel66aeb77c28227908bac" type="webcontent" adlcp:scormtype="sco" href="definicin_y_clasificacin_de_los_alimentos.html"> 
    <file href="definicin_y_clasificacin_de_los_alimentos.html"/> 
    <file href="exe_html5.js"/>
    <file href="img0.png"/>
    <dependency identifierref="COMMON_FILES"/>
  </resource>
  <resource identifier="RES-eXeacion_exel66aeb77c28227908bbe" type="webcontent" adlcp:scormtype="sco" href="importancia_de_los_alimentos_para_la_vida.html"> 
    <file href="importancia_de_los_alimentos_para_la_vida.html"/> 
    <file href="exe_html5.js"/>
    <file href="img0.1.png"/>
    <dependency identifierref="COMMON_FILES"/>
  </resource>
  <resource identifier="RES-eXeacion_exel66aeb77c28227908bb10" type="webcontent" adlcp:scormtype="sco" href="el_papel_del_tutor_para_dar_a_conocer_la_alimentacin_balanceada.html"> 
    <file href="el_papel_del_tutor_para_dar_a_conocer_la_alimentacin_balanceada.html"/> 
    <file href="exe_html5.js"/>
    <file href="img0.2.png"/>
    <dependency identifierref="COMMON_FILES"/>
  </resource>
  <resource identifier="RES-eXeacion_exel66aeb77c28227908bc12" type="webcontent" adlcp:scormtype="sco" href="actividades_de_evaluacion.html"> 
    <file href="actividades_de_evaluacion.html"/> 
    <file href="exe_html5.js"/>
    <file href="img0.8.png"/>
    <dependency identifierref="COMMON_FILES"/>
  </resource>
  <resource identifier="RES-eXeacion_exel66aeb77c28227908bc14" type="webcontent" adlcp:scormtype="sco" href="evaluacin_1.html"> 
    <file href="evaluacin_1.html"/> 
    <file href="exe_html5.js"/>
    <file href="exequexthits.png"/>
    <file href="exequextrerrors.png"/>
    <file href="exequextsq.png"/>
    <file href="interactive-video-bg.gif"/>
    <file href="interactive-video-less.gif"/>
    <file href="interactive-video-loading.gif"/>
    <file href="interactive-video-more.gif"/>
    <file href="interactive-video-sorter.png"/>
    <file href="interactive-video.css"/>
    <file href="interactive-video.js"/>
    <dependency identifierref="COMMON_FILES"/>
  </resource>
  <resource identifier="RES-eXeacion_exel66aeb77c28227908bd16" type="webcontent" adlcp:scormtype="sco" href="evaluacin_2.html"> 
    <file href="evaluacin_2.html"/> 
    <file href="exe_html5.js"/>
    <file href="leches.png"/>
    <file href="pina.jpg"/>
    <file href="cwordfind.js"/>
    <file href="exequextaudio.png"/>
    <file href="exequextcursor.gif"/>
    <file href="exequextfirstr.png"/>
    <file href="exequextfull.png"/>
    <file href="exequexthits.png"/>
    <file href="exequextlastr.png"/>
    <file href="exequextlive.png"/>
    <file href="exequextlost.png"/>
    <file href="exequextmin.png"/>
    <file href="exequextmoveon.png"/>
    <file href="exequextnextr.png"/>
    <file href="exequextnormal.png"/>
    <file href="exequextnumber.png"/>
    <file href="exequextone.png"/>
    <file href="exequextpause.png"/>
    <file href="exequextplayvideo.png"/>
    <file href="exequextpreviousr.png"/>
    <file href="exequextreload.png"/>
    <file href="exequextreply.png"/>
    <file href="exequextrerrors.png"/>
    <file href="exequextroscomin.png"/>
    <file href="exequextscore.png"/>
    <file href="exequextsq.png"/>
    <file href="exequexttime.png"/>
    <file href="exequexttwo.png"/>
    <file href="exequextvideo.png"/>
    <file href="exequextwon.png"/>
    <file href="mapacerrarventana.svg"/>
    <file href="sopa-activity.css"/>
    <file href="sopa-activity.js"/>
    <file href="sopaHome.png"/>
    <file href="sopaIcon.svg"/>
    <file href="sopaaudio.svg"/>
    <file href="sopaimage.svg"/>
    <dependency identifierref="COMMON_FILES"/>
  </resource>
  <resource identifier="RES-eXeacion_exel66aeb77c28227908be18" type="webcontent" adlcp:scormtype="sco" href="evaluacin_3.html"> 
    <file href="evaluacin_3.html"/> 
    <file href="exe_html5.js"/>
    <file href="nino_sano.jpg"/>
    <file href="exequextaudio.png"/>
    <file href="exequextcursor.gif"/>
    <file href="exequextfirstr.png"/>
    <file href="exequextfull.png"/>
    <file href="exequexthits.png"/>
    <file href="exequextlastr.png"/>
    <file href="exequextlive.png"/>
    <file href="exequextlost.png"/>
    <file href="exequextmin.png"/>
    <file href="exequextmoveon.png"/>
    <file href="exequextnextr.png"/>
    <file href="exequextnormal.png"/>
    <file href="exequextnumber.png"/>
    <file href="exequextone.png"/>
    <file href="exequextpause.png"/>
    <file href="exequextplayvideo.png"/>
    <file href="exequextpoints.png"/>
    <file href="exequextpreviousr.png"/>
    <file href="exequextreload.png"/>
    <file href="exequextreply.png"/>
    <file href="exequextrerrors.png"/>
    <file href="exequextroscomin.png"/>
    <file href="exequextscore.png"/>
    <file href="exequextsq.png"/>
    <file href="exequexttime.png"/>
    <file href="exequexttwo.png"/>
    <file href="exequextvideo.png"/>
    <file href="exequextwon.png"/>
    <file href="identifica-activity.css"/>
    <file href="identifica-activity.js"/>
    <file href="identificaHome.png"/>
    <file href="identificaIcon.png"/>
    <file href="identificaPistaA.svg"/>
    <file href="identificaPistaI.svg"/>
    <file href="identificaPistaOpen.svg"/>
    <file href="sopaHome.svg"/>
    <dependency identifierref="COMMON_FILES"/>
  </resource>
  <resource identifier="RES-eXeacion_exel66aeb77c28227908bf1a" type="webcontent" adlcp:scormtype="sco" href="evaluacin_4.html"> 
    <file href="evaluacin_4.html"/> 
    <file href="exe_html5.js"/>
    <file href="mus.jpg"/>
    <file href="mansa.JPG"/>
    <file href="pollos.png"/>
    <file href="leches.png"/>
    <file href="bro.jpg"/>
    <file href="lechuga.jpg"/>
    <file href="agu.png"/>
    <file href="alos.jpg"/>
    <file href="clasifica-activity.css"/>
    <file href="clasifica-activity.js"/>
    <file href="clasificaHome.png"/>
    <file href="clasificaIcon.png"/>
    <file href="draganddrop.js"/>
    <file href="exequextaudio.png"/>
    <file href="exequextcursor.gif"/>
    <file href="exequextfirstr.png"/>
    <file href="exequextfull.png"/>
    <file href="exequexthits.png"/>
    <file href="exequextlastr.png"/>
    <file href="exequextlive.png"/>
    <file href="exequextlost.png"/>
    <file href="exequextmin.png"/>
    <file href="exequextmoveon.png"/>
    <file href="exequextnextr.png"/>
    <file href="exequextnormal.png"/>
    <file href="exequextnumber.png"/>
    <file href="exequextone.png"/>
    <file href="exequextpause.png"/>
    <file href="exequextplayaudio.svg"/>
    <file href="exequextplayvideo.png"/>
    <file href="exequextpreviousr.png"/>
    <file href="exequextreload.png"/>
    <file href="exequextreply.png"/>
    <file href="exequextrerrors.png"/>
    <file href="exequextroscomin.png"/>
    <file href="exequextscore.png"/>
    <file href="exequextsq.png"/>
    <file href="exequexttime.png"/>
    <file href="exequexttwo.png"/>
    <file href="exequextvideo.png"/>
    <file href="exequextwon.png"/>
    <file href="quextCursor.gif"/>
    <file href="quextImageVideo.png"/>
    <file href="vquextReload.png"/>
    <dependency identifierref="COMMON_FILES"/>
  </resource>
  <resource identifier="RES-eXeacion_exel66aeb77c28227908bf1c" type="webcontent" adlcp:scormtype="sco" href="rbrica.html"> 
    <file href="rbrica.html"/> 
    <file href="exe_html5.js"/>
    <file href="exe-rubrics.css"/>
    <file href="exe-rubrics.js"/>
    <dependency identifierref="COMMON_FILES"/>
  </resource>
  <resource identifier="RES-eXeacion_exel66aeb77c28227908c01e" type="webcontent" adlcp:scormtype="sco" href="reflexin.html"> 
    <file href="reflexin.html"/> 
    <file href="exe_html5.js"/>
    <dependency identifierref="COMMON_FILES"/>
  </resource>
  <resource identifier="RES-eXeacion_exel66aeb77c28227908c020" type="webcontent" adlcp:scormtype="sco" href="unidad_ii.html"> 
    <file href="unidad_ii.html"/> 
    <file href="exe_html5.js"/>
    <file href="img0.4.png"/>
    <dependency identifierref="COMMON_FILES"/>
  </resource>
  <resource identifier="RES-eXeacion_exel66aeb77c28227908c122" type="webcontent" adlcp:scormtype="sco" href="mapa_conceptual_sobre_los_alimentos.html"> 
    <file href="mapa_conceptual_sobre_los_alimentos.html"/> 
    <file href="exe_html5.js"/>
    <file href="img0.5.png"/>
    <dependency identifierref="COMMON_FILES"/>
  </resource>
  <resource identifier="RES-eXeacion_exel66aeb77c28227908c224" type="webcontent" adlcp:scormtype="sco" href="video_sobre_la_alimentacin_balanceada.html"> 
    <file href="video_sobre_la_alimentacin_balanceada.html"/> 
    <file href="exe_html5.js"/>
    <dependency identifierref="COMMON_FILES"/>
  </resource>
  <resource identifier="RES-eXeacion_exel66aeb77c28227908c226" type="webcontent" adlcp:scormtype="sco" href="pirmide_alimenticia.html"> 
    <file href="pirmide_alimenticia.html"/> 
    <file href="exe_html5.js"/>
    <file href="img0.6.png"/>
    <dependency identifierref="COMMON_FILES"/>
  </resource>
  <resource identifier="RES-eXeacion_exel66aeb77c28227908c328" type="webcontent" adlcp:scormtype="sco" href="actividades_de_evaluacion0.html"> 
    <file href="actividades_de_evaluacion0.html"/> 
    <file href="exe_html5.js"/>
    <file href="img0.7.png"/>
    <dependency identifierref="COMMON_FILES"/>
  </resource>
  <resource identifier="RES-eXeacion_exel66aeb77c28227908c32a" type="webcontent" adlcp:scormtype="sco" href="evaluacin_10.html"> 
    <file href="evaluacin_10.html"/> 
    <file href="exe_html5.js"/>
    <file href="common.js"/>
    <dependency identifierref="COMMON_FILES"/>
  </resource>
  <resource identifier="RES-eXeacion_exel66aeb77c28227908c62c" type="webcontent" adlcp:scormtype="sco" href="evaluacin_20.html"> 
    <file href="evaluacin_20.html"/> 
    <file href="exe_html5.js"/>
    <file href="stock-stop.png"/>
    <file href="panel-amusements.png"/>
    <file href="common.js"/>
    <dependency identifierref="COMMON_FILES"/>
  </resource>
  <resource identifier="RES-eXeacion_exel66aeb77c28227908cb2e" type="webcontent" adlcp:scormtype="sco" href="evaluacin_30.html"> 
    <file href="evaluacin_30.html"/> 
    <file href="exe_html5.js"/>
    <file href="stock-stop.png"/>
    <file href="panel-amusements.png"/>
    <file href="common.js"/>
    <dependency identifierref="COMMON_FILES"/>
  </resource>
  <resource identifier="RES-eXeacion_exel66aeb77c28227908ce30" type="webcontent" adlcp:scormtype="sco" href="evaluacin_40.html"> 
    <file href="evaluacin_40.html"/> 
    <file href="exe_html5.js"/>
    <file href="mansa.JPG"/>
    <file href="team_grasa.jpg"/>
    <file href="zana.png"/>
    <file href="pollos.png"/>
    <file href="aceite.jpg"/>
    <file href="keso.jpg"/>
    <file href="lacteo.jpg"/>
    <file href="la_granja_de_zenon.jpg"/>
    <file href="frupon.JPG"/>
    <file href="vegetables.jpg"/>
    <file href="cereales.jpg"/>
    <file href="alos.jpg"/>
    <file href="exequextbuttonko.svg"/>
    <file href="exequextbuttonok.svg"/>
    <file href="exequextcopyright.png"/>
    <file href="exequextcursor.gif"/>
    <file href="exequextfull.png"/>
    <file href="exequexthits.png"/>
    <file href="exequextlost.png"/>
    <file href="exequextmin.png"/>
    <file href="exequextnormal.png"/>
    <file href="exequextnumber.png"/>
    <file href="exequextplayaudio.svg"/>
    <file href="exequextreload.png"/>
    <file href="exequextreply.png"/>
    <file href="exequextrerrors.png"/>
    <file href="exequextscore.png"/>
    <file href="exequextsq.png"/>
    <file href="exequexttime.png"/>
    <file href="exequextwon.png"/>
    <file href="relaciona-activity.css"/>
    <file href="relaciona-activity.js"/>
    <file href="relacionaHome.png"/>
    <file href="relacionaIcon.png"/>
    <dependency identifierref="COMMON_FILES"/>
  </resource>
  <resource identifier="RES-eXeacion_exel66aeb77c28227908cf32" type="webcontent" adlcp:scormtype="sco" href="galera_de_imgenes.html"> 
    <file href="galera_de_imgenes.html"/> 
    <file href="exe_html5.js"/>
    <file href="2.jpg"/>
    <file href="7.jpg"/>
    <file href="8Thumbnail.png"/>
    <file href="6Thumbnail.png"/>
    <file href="8.jpg"/>
    <file href="6.jpg"/>
    <file href="4.jpg"/>
    <file href="3Thumbnail.png"/>
    <file href="4Thumbnail.png"/>
    <file href="2Thumbnail.png"/>
    <file href="7Thumbnail.png"/>
    <file href="3.jpg"/>
    <file href="1.jpg"/>
    <file href="1Thumbnail.png"/>
    <file href="5.jpg"/>
    <file href="5Thumbnail.png"/>
    <file href="exe_lightbox.css"/>
    <file href="exe_lightbox.js"/>
    <file href="exe_lightbox_default_thumb.png"/>
    <file href="exe_lightbox_loader.gif"/>
    <file href="exe_lightbox_sprite.png"/>
    <file href="exe_lightbox_sprite_next.png"/>
    <file href="exe_lightbox_sprite_prev.png"/>
    <file href="exe_lightbox_sprite_x.png"/>
    <file href="exe_lightbox_sprite_y.png"/>
    <dependency identifierref="COMMON_FILES"/>
  </resource>
  <resource identifier="RES-eXeacion_exel66aeb77c28227908d134" type="webcontent" adlcp:scormtype="sco" href="reflexin0.html"> 
    <file href="reflexin0.html"/> 
    <file href="exe_html5.js"/>
    <dependency identifierref="COMMON_FILES"/>
  </resource>
  <resource identifier="RES-eXeacion_exel66aeb77c28227908d136" type="webcontent" adlcp:scormtype="sco" href="bibliografa.html"> 
    <file href="bibliografa.html"/> 
    <file href="exe_html5.js"/>
    <dependency identifierref="COMMON_FILES"/>
  </resource>
  <resource identifier="COMMON_FILES" type="webcontent" adlcp:scormtype="asset">
    <file href="config.xml"/>
    <file href="content.css"/>
    <file href="icon_activity.png"/>
    <file href="icon_agreement.png"/>
    <file href="icon_alert.png"/>
    <file href="icon_arts.png"/>
    <file href="icon_ask.png"/>
    <file href="icon_book.png"/>
    <file href="icon_calculate.png"/>
    <file href="icon_case.png"/>
    <file href="icon_collaborative.png"/>
    <file href="icon_competencies.png"/>
    <file href="icon_diary.png"/>
    <file href="icon_discuss.png"/>
    <file href="icon_download.png"/>
    <file href="icon_draw.png"/>
    <file href="icon_english.png"/>
    <file href="icon_experiment.png"/>
    <file href="icon_explore.png"/>
    <file href="icon_file.png"/>
    <file href="icon_gallery.png"/>
    <file href="icon_geography.png"/>
    <file href="icon_history.png"/>
    <file href="icon_info.png"/>
    <file href="icon_interactive.png"/>
    <file href="icon_letters.png"/>
    <file href="icon_listen.png"/>
    <file href="icon_math.png"/>
    <file href="icon_music.png"/>
    <file href="icon_nature.png"/>
    <file href="icon_objectives.png"/>
    <file href="icon_observe.png"/>
    <file href="icon_perform.png"/>
    <file href="icon_piece.png"/>
    <file href="icon_pieces.png"/>
    <file href="icon_play.png"/>
    <file href="icon_present.png"/>
    <file href="icon_reflection.png"/>
    <file href="icon_share.png"/>
    <file href="icon_sport.png"/>
    <file href="icon_start.png"/>
    <file href="icon_technology.png"/>
    <file href="icon_think.png"/>
    <file href="icon_video.png"/>
    <file href="nav.css"/>
    <file href="quicksand-regular-latin-ext.woff2"/>
    <file href="quicksand-regular-latin.woff2"/>
    <file href="quicksand-regular-vietnamese.woff2"/>
    <file href="_cedec_external_link.png"/>
    <file href="_cedec_icons.png"/>
    <file href="_cedec_icon_alert.png"/>
    <file href="_cedec_icon_danger.png"/>
    <file href="_cedec_icon_info.png"/>
    <file href="_cedec_icon_success.png"/>
    <file href="_cedec_icon_warning.png"/>
    <file href="_cedec_js.js"/>
    <file href="_cedec_left_column.gif"/>
    <file href="_cedec_licenses.gif"/>
    <file href="_cedec_loading.gif"/>
    <file href="_cedec_menu.gif"/>
    <file href="_cedec_pbl_duration.png"/>
    <file href="_cedec_pbl_participants.png"/>
    <file href="_cedec_print.gif"/>
    <file href="base.css"/>
    <file href="popup_bg.gif"/>
    <file href="exe_powered_logo.png"/>
    <file href="SCORM_API_wrapper.js"/>
    <file href="SCOFunctions.js"/>
    <file href="common.js"/>
    <file href="common_i18n.js"/>
    <file href="exe_jquery.js"/>
    <file href="content.xsd"/>
    <file href="content.data"/>
    <file href="contentv3.xml"/>
    <file href="imslrm.xml"/>
  </resource>
</resources>
</manifest>
